{"cameraMode":{"drawMode":0,"name":"Shaded","section":"Shading Mode"},"sceneLighting":false,"audioPlay":false,"sceneViewState":{"showFog":true,"showMaterialUpdate":false,"showSkybox":true,"showFlares":true,"showImageEffects":true,"showParticleSystems":true},"in2DMode":false,"pivot":{"x":32.56967544555664,"y":5.218838691711426,"z":29.91097640991211},"rotation":{"x":0.03368579223752022,"y":0.21508382260799409,"z":-0.007423716597259045,"w":0.9759862422943115},"size":22.0,"orthographic":false}