{"cameraMode":{"drawMode":0,"name":"Shaded","section":"Shading Mode"},"sceneLighting":false,"audioPlay":false,"sceneViewState":{"showFog":true,"showMaterialUpdate":false,"showSkybox":true,"showFlares":true,"showImageEffects":true,"showParticleSystems":true},"in2DMode":false,"pivot":{"x":75.2852783203125,"y":15.951739311218262,"z":-8.870116233825684},"rotation":{"x":-0.16465196013450623,"y":0.4730417728424072,"z":-0.09048493951559067,"w":-0.8607750535011292},"size":8.573652267456055,"orthographic":false}