{"cameraMode":{"drawMode":0,"name":"Shaded","section":"Shading Mode"},"sceneLighting":false,"audioPlay":false,"sceneViewState":{"showFog":true,"showMaterialUpdate":false,"showSkybox":true,"showFlares":true,"showImageEffects":true,"showParticleSystems":true},"in2DMode":false,"pivot":{"x":297.8299560546875,"y":-1222.5318603515625,"z":200.32437133789063},"rotation":{"x":-0.2153831273317337,"y":-0.4428740441799164,"z":0.11049365252256394,"w":-0.8632866740226746},"size":6.0582404136657719,"orthographic":false}