{"cameraMode":{"drawMode":0,"name":"Shaded","section":"Shading Mode"},"sceneLighting":false,"audioPlay":false,"sceneViewState":{"showFog":true,"showMaterialUpdate":false,"showSkybox":true,"showFlares":true,"showImageEffects":true,"showParticleSystems":true},"in2DMode":false,"pivot":{"x":72.39810943603516,"y":14.178619384765625,"z":238.6493377685547},"rotation":{"x":0.09482637047767639,"y":0.9014445543289185,"z":-0.25239700078964236,"w":0.33867618441581728},"size":10.223252296447754,"orthographic":false}