{"cameraMode":{"drawMode":0,"name":"Shaded","section":"Shading Mode"},"sceneLighting":false,"audioPlay":false,"sceneViewState":{"showFog":true,"showMaterialUpdate":false,"showSkybox":true,"showFlares":true,"showImageEffects":true,"showParticleSystems":true},"in2DMode":false,"pivot":{"x":56.351959228515628,"y":15.88983154296875,"z":-8.019893646240235},"rotation":{"x":0.017998384311795236,"y":-0.005999397486448288,"z":-0.00010789517546072602,"w":-0.9998199939727783},"size":22.0,"orthographic":false}